customer_id,customer_id,cluster
12346,12346,0
12347,12347,0
12348,12348,0
12349,12349,0
12350,12350,0
12352,12352,0
12353,12353,0
12354,12354,0
12355,12355,0
12356,12356,0
12357,12357,2
12358,12358,0
12359,12359,2
12360,12360,0
12361,12361,0
12362,12362,2
12363,12363,0
12364,12364,0
12365,12365,0
12367,12367,0
12370,12370,2
12371,12371,0
12372,12372,0
12373,12373,0
12374,12374,0
12375,12375,0
12377,12377,0
12378,12378,2
12379,12379,0
12380,12380,0
12381,12381,0
12383,12383,0
12384,12384,0
12386,12386,0
12388,12388,0
12390,12390,0
12391,12391,0
12393,12393,0
12394,12394,0
12395,12395,2
12397,12397,0
12398,12398,0
12399,12399,0
12401,12401,0
12402,12402,0
12403,12403,0
12405,12405,0
12406,12406,0
12407,12407,0
12408,12408,0
12409,12409,2
12410,12410,0
12412,12412,0
12413,12413,0
12414,12414,0
12415,12415,1
12417,12417,2
12418,12418,0
12420,12420,0
12421,12421,0
12422,12422,0
12423,12423,0
12424,12424,0
12425,12425,0
12426,12426,0
12427,12427,0
12428,12428,2
12429,12429,0
12430,12430,0
12431,12431,2
12432,12432,0
12433,12433,2
12434,12434,0
12435,12435,0
12436,12436,0
12437,12437,2
12438,12438,0
12441,12441,0
12442,12442,0
12444,12444,2
12445,12445,0
12446,12446,0
12447,12447,0
12448,12448,0
12449,12449,0
12450,12450,0
12451,12451,2
12452,12452,0
12453,12453,0
12454,12454,0
12455,12455,0
12456,12456,0
12457,12457,0
12458,12458,0
12461,12461,0
12462,12462,0
12463,12463,0
12464,12464,0
12465,12465,0
12468,12468,0
12471,12471,2
12472,12472,2
12473,12473,2
12474,12474,2
12475,12475,0
12476,12476,2
12477,12477,2
12478,12478,0
12479,12479,0
12480,12480,0
12481,12481,2
12483,12483,0
12484,12484,2
12488,12488,0
12489,12489,0
12490,12490,2
12491,12491,0
12492,12492,0
12493,12493,0
12494,12494,0
12497,12497,0
12498,12498,0
12500,12500,0
12501,12501,2
12502,12502,0
12503,12503,0
12504,12504,0
12505,12505,0
12506,12506,0
12507,12507,0
12508,12508,0
12509,12509,0
12510,12510,0
12512,12512,0
12513,12513,0
12514,12514,0
12515,12515,0
12516,12516,0
12517,12517,2
12518,12518,0
12519,12519,0
12520,12520,0
12521,12521,0
12522,12522,0
12523,12523,0
12524,12524,2
12526,12526,0
12527,12527,0
12528,12528,0
12530,12530,0
12531,12531,0
12532,12532,0
12534,12534,0
12535,12535,0
12536,12536,2
12538,12538,0
12539,12539,2
12540,12540,2
12541,12541,0
12544,12544,0
12545,12545,0
12546,12546,0
12547,12547,0
12548,12548,0
12550,12550,0
12551,12551,0
12552,12552,0
12553,12553,2
12556,12556,0
12557,12557,0
12558,12558,0
12559,12559,0
12560,12560,0
12561,12561,0
12562,12562,0
12564,12564,0
12565,12565,0
12566,12566,0
12567,12567,2
12569,12569,2
12571,12571,0
12572,12572,0
12573,12573,0
12574,12574,0
12576,12576,0
12577,12577,0
12578,12578,0
12579,12579,0
12580,12580,0
12581,12581,0
12582,12582,0
12583,12583,2
12584,12584,0
12585,12585,0
12586,12586,0
12587,12587,0
12588,12588,0
12589,12589,0
12590,12590,2
12591,12591,0
12592,12592,0
12593,12593,0
12594,12594,0
12596,12596,0
12597,12597,2
12598,12598,0
12599,12599,0
12600,12600,0
12601,12601,0
12602,12602,0
12603,12603,0
12604,12604,0
12605,12605,0
12607,12607,0
12609,12609,0
12610,12610,0
12611,12611,0
12612,12612,0
12613,12613,0
12614,12614,0
12615,12615,0
12616,12616,0
12617,12617,0
12618,12618,0
12619,12619,0
12620,12620,0
12621,12621,2
12622,12622,0
12623,12623,0
12624,12624,0
12625,12625,0
12626,12626,2
12627,12627,2
12628,12628,0
12630,12630,0
12631,12631,0
12633,12633,0
12635,12635,0
12637,12637,2
12638,12638,0
12639,12639,0
12640,12640,0
12641,12641,0
12642,12642,0
12643,12643,0
12644,12644,0
12645,12645,0
12646,12646,0
12647,12647,0
12648,12648,0
12649,12649,0
12650,12650,0
12651,12651,0
12652,12652,0
12653,12653,0
12654,12654,0
12656,12656,0
12657,12657,0
12658,12658,0
12659,12659,0
12660,12660,0
12662,12662,2
12664,12664,0
12665,12665,0
12666,12666,0
12667,12667,0
12668,12668,0
12669,12669,0
12670,12670,0
12672,12672,0
12673,12673,0
12674,12674,0
12676,12676,0
12678,12678,2
12679,12679,0
12680,12680,0
12681,12681,2
12682,12682,2
12683,12683,2
12684,12684,0
12685,12685,0
12686,12686,0
12688,12688,2
12689,12689,0
12690,12690,0
12691,12691,0
12693,12693,0
12694,12694,0
12695,12695,0
12697,12697,0
12700,12700,2
12701,12701,0
12702,12702,0
12703,12703,0
12704,12704,0
12705,12705,2
12707,12707,0
12708,12708,2
12709,12709,2
12710,12710,0
12712,12712,0
12713,12713,0
12714,12714,2
12715,12715,0
12716,12716,0
12717,12717,0
12718,12718,0
12719,12719,0
12720,12720,2
12721,12721,2
12722,12722,0
12723,12723,0
12724,12724,0
12725,12725,0
12726,12726,0
12727,12727,2
12728,12728,0
12729,12729,0
12731,12731,2
12732,12732,0
12733,12733,0
12734,12734,0
12735,12735,0
12736,12736,0
12738,12738,0
12739,12739,0
12740,12740,0
12743,12743,0
12744,12744,2
12747,12747,0
12748,12748,1
12749,12749,2
12750,12750,0
12752,12752,2
12753,12753,2
12754,12754,0
12755,12755,0
12756,12756,0
12757,12757,2
12758,12758,0
12759,12759,0
12762,12762,0
12763,12763,0
12764,12764,0
12766,12766,2
12769,12769,0
12770,12770,0
12772,12772,0
12775,12775,0
12778,12778,0
12779,12779,0
12781,12781,0
12782,12782,0
12783,12783,0
12784,12784,0
12785,12785,0
12787,12787,0
12789,12789,0
12790,12790,0
12791,12791,0
12792,12792,0
12793,12793,0
12794,12794,0
12795,12795,0
12797,12797,0
12798,12798,0
12802,12802,0
12808,12808,0
12809,12809,0
12811,12811,0
12812,12812,0
12814,12814,0
12815,12815,0
12816,12816,0
12817,12817,0
12818,12818,0
12820,12820,0
12821,12821,0
12822,12822,0
12823,12823,0
12824,12824,0
12826,12826,0
12827,12827,0
12828,12828,0
12829,12829,0
12830,12830,0
12831,12831,0
12832,12832,0
12833,12833,0
12834,12834,0
12836,12836,2
12837,12837,0
12838,12838,0
12839,12839,2
12840,12840,0
12841,12841,2
12842,12842,0
12843,12843,0
12844,12844,0
12845,12845,0
12847,12847,0
12849,12849,0
12851,12851,0
12852,12852,0
12853,12853,0
12854,12854,0
12855,12855,0
12856,12856,2
12857,12857,0
12863,12863,0
12864,12864,0
12865,12865,0
12866,12866,0
12867,12867,2
12868,12868,0
12870,12870,0
12871,12871,0
12872,12872,0
12873,12873,0
12875,12875,0
12876,12876,0
12877,12877,0
12878,12878,0
12879,12879,0
12881,12881,0
12882,12882,0
12883,12883,0
12884,12884,0
12885,12885,0
12886,12886,0
12888,12888,0
12890,12890,0
12891,12891,0
12893,12893,0
12895,12895,0
12897,12897,0
12901,12901,2
12902,12902,0
12904,12904,0
12906,12906,0
12908,12908,0
12909,12909,0
12910,12910,0
12912,12912,0
12913,12913,0
12915,12915,0
12916,12916,0
12917,12917,0
12919,12919,0
12920,12920,0
12921,12921,2
12922,12922,0
12923,12923,0
12924,12924,0
12925,12925,0
12928,12928,0
12929,12929,0
12930,12930,0
12931,12931,2
12933,12933,0
12935,12935,0
12936,12936,0
12937,12937,0
12938,12938,0
12939,12939,0
12940,12940,0
12942,12942,0
12943,12943,0
12944,12944,0
12945,12945,0
12947,12947,0
12948,12948,0
12949,12949,2
12950,12950,0
12951,12951,0
12952,12952,0
12953,12953,0
12955,12955,2
12956,12956,0
12957,12957,2
12962,12962,0
12963,12963,0
12965,12965,0
12966,12966,0
12967,12967,0
12968,12968,0
12970,12970,0
12971,12971,2
12974,12974,0
12976,12976,0
12977,12977,0
12980,12980,0
12981,12981,0
12982,12982,0
12984,12984,0
12985,12985,0
12987,12987,0
12988,12988,0
12989,12989,2
12990,12990,0
12991,12991,0
12993,12993,0
12994,12994,0
12995,12995,0
12997,12997,0
12999,12999,0
13000,13000,0
13001,13001,2
13002,13002,0
13003,13003,0
13004,13004,2
13005,13005,0
13006,13006,0
13008,13008,0
13011,13011,0
13012,13012,0
13013,13013,2
13014,13014,0
13015,13015,2
13016,13016,0
13017,13017,0
13018,13018,2
13021,13021,2
13023,13023,0
13026,13026,0
13027,13027,2
13028,13028,0
13029,13029,0
13030,13030,0
13032,13032,0
13033,13033,0
13034,13034,0
13035,13035,0
13037,13037,0
13038,13038,0
13040,13040,0
13043,13043,0
13044,13044,0
13045,13045,0
13046,13046,0
13047,13047,2
13048,13048,0
13049,13049,0
13050,13050,2
13052,13052,0
13055,13055,0
13058,13058,0
13059,13059,0
13060,13060,0
13061,13061,0
13062,13062,0
13064,13064,0
13065,13065,0
13066,13066,0
13067,13067,0
13068,13068,0
13069,13069,2
13070,13070,0
13072,13072,0
13075,13075,0
13077,13077,0
13078,13078,2
13079,13079,0
13080,13080,0
13081,13081,2
13082,13082,0
13083,13083,0
13085,13085,0
13089,13089,1
13090,13090,2
13091,13091,0
13092,13092,0
13093,13093,2
13094,13094,0
13095,13095,0
13097,13097,2
13098,13098,2
13099,13099,0
13101,13101,0
13102,13102,2
13103,13103,0
13104,13104,0
13106,13106,0
13107,13107,0
13108,13108,0
13109,13109,0
13110,13110,0
13113,13113,2
13115,13115,2
13116,13116,0
13117,13117,0
13118,13118,0
13120,13120,0
13121,13121,0
13122,13122,0
13124,13124,2
13126,13126,2
13127,13127,0
13130,13130,0
13131,13131,0
13132,13132,0
13133,13133,0
13134,13134,0
13135,13135,2
13136,13136,0
13137,13137,2
13138,13138,0
13139,13139,2
13140,13140,0
13141,13141,0
13142,13142,0
13144,13144,0
13145,13145,0
13146,13146,0
13147,13147,0
13148,13148,2
13149,13149,0
13151,13151,0
13153,13153,0
13154,13154,0
13155,13155,0
13157,13157,0
13158,13158,0
13159,13159,0
13160,13160,0
13161,13161,0
13162,13162,0
13165,13165,0
13166,13166,0
13167,13167,0
13168,13168,0
13169,13169,0
13170,13170,0
13171,13171,0
13173,13173,0
13174,13174,2
13176,13176,0
13177,13177,0
13178,13178,2
13182,13182,0
13183,13183,0
13184,13184,2
13185,13185,0
13186,13186,0
13187,13187,0
13188,13188,0
13189,13189,0
13192,13192,0
13193,13193,0
13194,13194,0
13196,13196,0
13198,13198,2
13199,13199,2
13200,13200,0
13203,13203,0
13207,13207,0
13208,13208,0
13209,13209,2
13210,13210,0
13211,13211,0
13212,13212,0
13213,13213,0
13216,13216,0
13217,13217,0
13218,13218,0
13220,13220,0
13221,13221,0
13223,13223,0
13224,13224,0
13225,13225,0
13226,13226,0
13227,13227,0
13228,13228,0
13229,13229,0
13230,13230,2
13232,13232,2
13233,13233,0
13235,13235,0
13236,13236,0
13238,13238,0
13239,13239,0
13240,13240,0
13242,13242,0
13243,13243,0
13244,13244,0
13245,13245,0
13246,13246,0
13247,13247,0
13248,13248,0
13249,13249,0
13253,13253,0
13255,13255,0
13256,13256,3
13258,13258,0
13259,13259,0
13260,13260,0
13261,13261,0
13262,13262,0
13263,13263,2
13265,13265,0
13266,13266,2
13267,13267,2
13268,13268,2
13269,13269,2
13270,13270,0
13271,13271,0
13272,13272,0
13273,13273,0
13276,13276,0
13277,13277,0
13278,13278,0
13279,13279,0
13280,13280,0
13282,13282,0
13283,13283,0
13284,13284,0
13285,13285,2
13291,13291,0
13292,13292,0
13294,13294,0
13295,13295,0
13296,13296,0
13297,13297,0
13298,13298,0
13299,13299,0
13300,13300,0
13301,13301,0
13302,13302,0
13304,13304,0
13305,13305,0
13307,13307,0
13308,13308,0
13309,13309,0
13310,13310,0
13311,13311,0
13313,13313,0
13314,13314,0
13316,13316,0
13317,13317,0
13318,13318,0
13319,13319,2
13320,13320,0
13321,13321,0
13322,13322,0
13323,13323,0
13324,13324,0
13325,13325,0
13327,13327,0
13328,13328,0
13329,13329,0
13330,13330,0
13332,13332,0
13334,13334,2
13336,13336,0
13338,13338,0
13339,13339,0
13340,13340,2
13341,13341,0
13343,13343,0
13344,13344,0
13345,13345,0
13347,13347,0
13348,13348,0
13349,13349,0
13350,13350,0
13351,13351,0
13352,13352,0
13354,13354,0
13355,13355,0
13356,13356,0
13357,13357,0
13358,13358,0
13359,13359,0
13362,13362,0
13363,13363,0
13364,13364,0
13365,13365,0
13366,13366,0
13368,13368,0
13369,13369,0
13370,13370,0
13372,13372,0
13373,13373,2
13375,13375,0
13376,13376,0
13379,13379,0
13381,13381,0
13382,13382,0
13384,13384,2
13385,13385,0
13388,13388,0
13389,13389,0
13390,13390,0
13391,13391,0
13394,13394,2
13395,13395,0
13396,13396,0
13397,13397,0
13398,13398,0
13402,13402,0
13403,13403,0
13404,13404,0
13405,13405,0
13408,13408,2
13410,13410,0
13411,13411,0
13414,13414,0
13416,13416,0
13417,13417,0
13418,13418,2
13419,13419,0
13420,13420,0
13421,13421,0
13422,13422,0
13425,13425,0
13426,13426,2
13427,13427,0
13428,13428,0
13429,13429,0
13430,13430,0
13431,13431,0
13434,13434,0
13435,13435,0
13436,13436,0
13437,13437,2
13439,13439,0
13441,13441,0
13447,13447,0
13448,13448,2
13449,13449,0
13450,13450,0
13451,13451,2
13452,13452,0
13453,13453,0
13455,13455,0
13456,13456,0
13458,13458,2
13460,13460,0
13461,13461,0
13462,13462,0
13464,13464,0
13466,13466,0
13467,13467,0
13468,13468,2
13470,13470,0
13471,13471,2
13473,13473,0
13474,13474,0
13475,13475,0
13476,13476,0
13477,13477,0
13479,13479,0
13481,13481,0
13482,13482,0
13483,13483,0
13484,13484,0
13485,13485,0
13486,13486,0
13487,13487,0
13488,13488,2
13489,13489,0
13491,13491,0
13492,13492,0
13493,13493,0
13494,13494,0
13495,13495,0
13496,13496,0
13497,13497,0
13499,13499,0
13500,13500,0
13501,13501,0
13502,13502,0
13503,13503,0
13504,13504,0
13505,13505,2
13506,13506,0
13507,13507,2
13508,13508,0
13509,13509,0
13510,13510,0
13512,13512,0
13513,13513,0
13514,13514,0
13515,13515,0
13516,13516,0
13517,13517,0
13518,13518,0
13519,13519,0
13520,13520,0
13521,13521,2
13522,13522,0
13523,13523,2
13524,13524,0
13525,13525,0
13527,13527,2
13529,13529,0
13531,13531,0
13532,13532,0
13533,13533,0
13534,13534,2
13536,13536,0
13538,13538,0
13539,13539,0
13544,13544,0
13546,13546,0
13548,13548,0
13549,13549,0
13551,13551,0
13552,13552,2
13555,13555,2
13557,13557,0
13558,13558,0
13560,13560,0
13561,13561,0
13562,13562,0
13563,13563,0
13564,13564,0
13565,13565,0
13566,13566,0
13568,13568,0
13569,13569,0
13570,13570,0
13571,13571,2
13572,13572,0
13573,13573,0
13575,13575,0
13576,13576,2
13577,13577,0
13579,13579,0
13581,13581,0
13583,13583,0
13584,13584,0
13587,13587,0
13588,13588,2
13589,13589,0
13590,13590,0
13591,13591,0
13592,13592,0
13593,13593,0
13594,13594,0
13596,13596,0
13598,13598,0
13599,13599,2
13600,13600,0
13601,13601,0
13602,13602,0
13603,13603,0
13606,13606,0
13607,13607,0
13610,13610,2
13611,13611,0
13614,13614,2
13615,13615,0
13617,13617,0
13618,13618,0
13621,13621,0
13623,13623,0
13626,13626,0
13627,13627,0
13629,13629,0
13630,13630,0
13631,13631,0
13632,13632,0
13634,13634,2
13635,13635,0
13636,13636,0
13637,13637,0
13638,13638,0
13639,13639,0
13642,13642,0
13643,13643,0
13644,13644,2
13645,13645,0
13647,13647,0
13649,13649,0
13650,13650,0
13651,13651,0
13652,13652,0
13654,13654,2
13655,13655,0
13656,13656,0
13657,13657,0
13658,13658,0
13659,13659,0
13662,13662,0
13663,13663,0
13666,13666,0
13667,13667,0
13668,13668,2
13669,13669,0
13670,13670,0
13672,13672,0
13673,13673,0
13675,13675,0
13678,13678,0
13680,13680,2
13681,13681,0
13682,13682,0
13684,13684,0
13685,13685,0
13686,13686,0
13689,13689,0
13690,13690,0
13692,13692,0
13693,13693,0
13694,13694,1
13695,13695,0
13697,13697,0
13699,13699,0
13700,13700,2
13703,13703,0
13704,13704,0
13705,13705,0
13706,13706,0
13707,13707,0
13708,13708,0
13709,13709,2
13710,13710,0
13711,13711,0
13712,13712,0
13715,13715,0
13716,13716,0
13717,13717,0
13718,13718,0
13719,13719,0
13720,13720,0
13721,13721,0
13722,13722,0
13723,13723,0
13725,13725,0
13726,13726,0
13727,13727,0
13728,13728,0
13730,13730,0
13731,13731,0
13732,13732,0
13735,13735,2
13736,13736,2
13737,13737,0
13739,13739,0
13740,13740,0
13741,13741,0
13742,13742,2
13743,13743,0
13744,13744,0
13745,13745,0
13747,13747,0
13748,13748,0
13750,13750,0
13751,13751,0
13752,13752,0
13753,13753,0
13754,13754,0
13755,13755,2
13756,13756,2
13758,13758,0
13759,13759,0
13760,13760,0
13761,13761,0
13762,13762,0
13763,13763,0
13764,13764,2
13767,13767,2
13769,13769,0
13771,13771,0
13772,13772,0
13774,13774,0
13777,13777,2
13778,13778,0
13780,13780,0
13781,13781,0
13782,13782,0
13784,13784,0
13786,13786,0
13787,13787,0
13790,13790,0
13791,13791,0
13792,13792,0
13798,13798,2
13799,13799,0
13800,13800,0
13801,13801,0
13802,13802,0
13803,13803,0
13804,13804,0
13805,13805,0
13806,13806,0
13807,13807,0
13808,13808,0
13809,13809,0
13810,13810,0
13811,13811,0
13812,13812,0
13813,13813,0
13814,13814,0
13815,13815,2
13816,13816,0
13817,13817,0
13819,13819,0
13821,13821,0
13822,13822,0
13823,13823,0
13824,13824,0
13826,13826,0
13827,13827,0
13828,13828,0
13829,13829,0
13831,13831,0
13832,13832,0
13833,13833,0
13835,13835,0
13837,13837,0
13838,13838,0
13841,13841,0
13842,13842,2
13844,13844,0
13845,13845,0
13846,13846,0
13848,13848,0
13849,13849,0
13850,13850,0
13851,13851,0
13853,13853,0
13854,13854,2
13856,13856,0
13858,13858,0
13859,13859,0
13860,13860,0
13862,13862,0
13863,13863,0
13865,13865,0
13866,13866,0
13867,13867,0
13868,13868,0
13869,13869,2
13870,13870,0
13871,13871,2
13873,13873,0
13874,13874,0
13875,13875,0
13876,13876,0
13877,13877,0
13878,13878,0
13880,13880,2
13881,13881,2
13882,13882,0
13883,13883,0
13884,13884,0
13885,13885,0
13886,13886,0
13887,13887,0
13888,13888,0
13889,13889,0
13890,13890,0
13892,13892,0
13893,13893,0
13894,13894,0
13895,13895,0
13897,13897,0
13898,13898,0
13899,13899,0
13900,13900,0
13901,13901,2
13904,13904,0
13908,13908,0
13911,13911,2
13914,13914,0
13917,13917,0
13918,13918,0
13919,13919,0
13922,13922,0
13923,13923,0
13924,13924,0
13925,13925,0
13926,13926,0
13927,13927,0
13928,13928,0
13929,13929,0
13930,13930,0
13931,13931,0
13932,13932,0
13933,13933,0
13934,13934,0
13936,13936,0
13937,13937,0
13938,13938,0
13939,13939,0
13940,13940,0
13941,13941,0
13946,13946,0
13947,13947,0
13948,13948,0
13949,13949,2
13950,13950,0
13951,13951,0
13952,13952,0
13953,13953,0
13954,13954,0
13955,13955,0
13956,13956,0
13958,13958,0
13959,13959,0
13960,13960,0
13962,13962,0
13963,13963,0
13967,13967,0
13969,13969,2
13971,13971,2
13972,13972,0
13973,13973,0
13974,13974,0
13975,13975,2
13976,13976,0
13978,13978,0
13979,13979,0
13980,13980,0
13982,13982,0
13983,13983,0
13984,13984,0
13985,13985,2
13986,13986,0
13988,13988,2
13989,13989,0
13990,13990,0
13991,13991,0
13992,13992,0
13993,13993,0
13994,13994,0
13995,13995,0
13999,13999,2
14000,14000,0
14001,14001,0
14002,14002,0
14004,14004,0
14005,14005,0
14006,14006,0
14009,14009,0
14012,14012,0
14013,14013,0
14014,14014,0
14015,14015,0
14016,14016,2
14019,14019,0
14020,14020,0
14021,14021,0
14022,14022,0
14023,14023,0
14024,14024,0
14027,14027,0
14029,14029,0
14030,14030,2
14031,14031,2
14032,14032,0
14034,14034,0
14035,14035,0
14036,14036,0
14037,14037,0
14038,14038,0
14039,14039,0
14040,14040,2
14041,14041,0
14044,14044,2
14045,14045,0
14046,14046,0
14047,14047,0
14048,14048,0
14049,14049,2
14050,14050,0
14051,14051,2
14052,14052,0
14053,14053,0
14054,14054,0
14055,14055,0
14056,14056,2
14057,14057,2
14059,14059,0
14060,14060,2
14062,14062,2
14064,14064,0
14066,14066,0
14067,14067,0
14068,14068,0
14071,14071,2
14073,14073,0
14075,14075,0
14076,14076,0
14077,14077,0
14078,14078,0
14079,14079,0
14080,14080,0
14081,14081,0
14082,14082,0
14083,14083,2
14085,14085,2
14087,14087,0
14088,14088,2
14089,14089,0
14090,14090,0
14092,14092,2
14093,14093,0
14096,14096,1
14098,14098,0
14099,14099,2
14100,14100,0
14101,14101,0
14102,14102,0
14104,14104,0
14105,14105,0
14107,14107,0
14108,14108,0
14109,14109,0
14110,14110,2
14111,14111,0
14112,14112,2
14113,14113,0
14114,14114,0
14116,14116,0
14117,14117,0
14119,14119,0
14121,14121,2
14124,14124,0
14125,14125,2
14126,14126,0
14127,14127,0
14128,14128,0
14129,14129,0
14130,14130,0
14132,14132,2
14133,14133,0
14135,14135,2
14138,14138,0
14139,14139,0
14140,14140,0
14141,14141,0
14142,14142,0
14143,14143,0
14145,14145,0
14146,14146,2
14147,14147,0
14148,14148,0
14149,14149,0
14150,14150,0
14152,14152,0
14154,14154,0
14155,14155,0
14156,14156,1
14157,14157,0
14158,14158,0
14159,14159,2
14161,14161,0
14162,14162,0
14163,14163,0
14164,14164,0
14165,14165,0
14167,14167,0
14171,14171,0
14173,14173,0
14174,14174,0
14175,14175,2
14176,14176,0
14177,14177,0
14178,14178,2
14179,14179,0
14180,14180,2
14184,14184,0
14185,14185,0
14188,14188,0
14189,14189,2
14191,14191,2
14193,14193,0
14194,14194,2
14195,14195,0
14196,14196,0
14198,14198,0
14199,14199,0
14201,14201,0
14204,14204,0
14205,14205,0
14206,14206,0
14208,14208,0
14209,14209,0
14210,14210,0
14211,14211,0
14212,14212,0
14213,14213,0
14214,14214,0
14215,14215,0
14216,14216,0
14217,14217,2
14218,14218,0
14219,14219,0
14220,14220,0
14221,14221,2
14222,14222,0
14223,14223,0
14224,14224,0
14226,14226,0
14227,14227,2
14229,14229,0
14231,14231,0
14232,14232,0
14233,14233,0
14234,14234,0
14235,14235,0
14236,14236,0
14237,14237,0
14238,14238,0
14239,14239,0
14240,14240,0
14241,14241,0
14242,14242,0
14243,14243,2
14245,14245,0
14246,14246,0
14247,14247,0
14248,14248,0
14250,14250,0
14251,14251,0
14256,14256,0
14257,14257,0
14258,14258,2
14259,14259,0
14261,14261,0
14262,14262,0
14264,14264,0
14265,14265,0
14267,14267,0
14270,14270,0
14271,14271,0
14272,14272,0
14273,14273,0
14276,14276,0
14277,14277,2
14280,14280,0
14282,14282,0
14284,14284,0
14285,14285,0
14286,14286,2
14287,14287,0
14288,14288,0
14289,14289,0
14290,14290,0
14291,14291,2
14292,14292,0
14293,14293,0
14295,14295,0
14297,14297,0
14298,14298,1
14299,14299,2
14300,14300,0
14301,14301,0
14304,14304,0
14305,14305,0
14306,14306,0
14307,14307,2
14309,14309,0
14311,14311,0
14312,14312,0
14314,14314,0
14315,14315,0
14317,14317,0
14320,14320,0
14321,14321,0
14323,14323,0
14326,14326,0
14327,14327,0
14329,14329,2
14331,14331,0
14332,14332,0
14333,14333,0
14334,14334,0
14335,14335,0
14336,14336,0
14338,14338,0
14339,14339,0
14340,14340,0
14341,14341,0
14342,14342,0
14344,14344,0
14345,14345,0
14346,14346,0
14348,14348,0
14349,14349,0
14350,14350,0
14351,14351,0
14352,14352,0
14353,14353,0
14354,14354,0
14355,14355,0
14356,14356,0
14357,14357,0
14359,14359,0
14360,14360,0
14362,14362,0
14364,14364,0
14367,14367,2
14368,14368,0
14371,14371,0
14373,14373,0
14375,14375,0
14377,14377,0
14379,14379,0
14381,14381,0
14382,14382,0
14383,14383,0
14385,14385,0
14386,14386,0
14387,14387,0
14388,14388,2
14389,14389,0
14390,14390,2
14393,14393,0
14395,14395,2
14396,14396,0
14397,14397,0
14400,14400,0
14401,14401,2
14403,14403,0
14404,14404,0
14406,14406,0
14407,14407,0
14408,14408,0
14409,14409,0
14410,14410,2
14411,14411,0
14412,14412,0
14413,14413,0
14414,14414,0
14415,14415,2
14416,14416,0
14418,14418,0
14419,14419,0
14420,14420,0
14421,14421,0
14422,14422,2
14423,14423,0
14424,14424,0
14426,14426,2
14427,14427,0
14428,14428,0
14431,14431,0
14432,14432,2
14434,14434,0
14436,14436,0
14437,14437,0
14438,14438,0
14439,14439,0
14440,14440,0
14441,14441,0
14442,14442,0
14443,14443,0
14446,14446,2
14447,14447,0
14448,14448,0
14449,14449,2
14450,14450,0
14451,14451,0
14452,14452,0
14453,14453,0
14456,14456,2
14457,14457,0
14459,14459,0
14460,14460,0
14461,14461,2
14462,14462,2
14463,14463,0
14465,14465,0
14466,14466,0
14467,14467,0
14470,14470,0
14472,14472,2
14473,14473,0
14474,14474,0
14475,14475,0
14476,14476,0
14477,14477,0
14479,14479,0
14480,14480,0
14481,14481,0
14482,14482,0
14483,14483,0
14484,14484,0
14485,14485,0
14487,14487,0
14488,14488,0
14489,14489,0
14491,14491,0
14493,14493,0
14494,14494,0
14495,14495,0
14496,14496,0
14497,14497,0
14498,14498,2
14499,14499,0
14500,14500,0
14501,14501,0
14502,14502,2
14503,14503,0
14504,14504,0
14505,14505,2
14506,14506,2
14507,14507,0
14508,14508,0
14511,14511,0
14512,14512,0
14513,14513,0
14514,14514,0
14515,14515,0
14517,14517,0
14518,14518,0
14520,14520,0
14522,14522,0
14523,14523,0
14524,14524,2
14525,14525,2
14527,14527,2
14528,14528,0
14529,14529,2
14530,14530,2
14532,14532,0
14533,14533,0
14534,14534,2
14535,14535,2
14536,14536,0
14537,14537,0
14538,14538,0
14539,14539,0
14540,14540,0
14541,14541,0
14542,14542,0
14543,14543,2
14544,14544,0
14546,14546,2
14547,14547,2
14548,14548,0
14549,14549,0
14550,14550,0
14551,14551,0
14552,14552,0
14553,14553,0
14554,14554,2
14555,14555,0
14557,14557,0
14560,14560,2
14561,14561,0
14562,14562,2
14565,14565,0
14566,14566,0
14567,14567,0
14569,14569,0
14570,14570,0
14572,14572,2
14573,14573,2
14576,14576,0
14577,14577,0
14578,14578,0
14581,14581,0
14582,14582,0
14583,14583,2
14584,14584,0
14585,14585,0
14586,14586,0
14587,14587,2
14589,14589,0
14591,14591,0
14592,14592,0
14593,14593,0
14594,14594,0
14595,14595,0
14597,14597,0
14598,14598,0
14600,14600,0
14601,14601,0
14603,14603,0
14606,14606,1
14607,14607,2
14608,14608,0
14609,14609,0
14616,14616,0
14618,14618,0
14619,14619,0
14620,14620,0
14621,14621,0
14622,14622,0
14623,14623,0
14624,14624,0
14625,14625,0
14626,14626,0
14627,14627,0
14628,14628,0
14629,14629,0
14631,14631,0
14632,14632,0
14633,14633,0
14636,14636,0
14638,14638,0
14639,14639,2
14640,14640,0
14641,14641,0
14642,14642,0
14643,14643,0
14644,14644,0
14645,14645,0
14646,14646,1
14647,14647,0
14649,14649,0
14651,14651,0
14652,14652,0
14653,14653,2
14655,14655,0
14656,14656,0
14657,14657,0
14658,14658,0
14659,14659,2
14660,14660,0
14661,14661,0
14662,14662,0
14664,14664,0
14665,14665,0
14666,14666,0
14667,14667,2
14669,14669,2
14670,14670,0
14672,14672,0
14673,14673,0
14675,14675,0
14676,14676,0
14679,14679,0
14680,14680,2
14681,14681,0
14682,14682,0
14684,14684,2
14687,14687,0
14688,14688,2
14689,14689,0
14690,14690,0
14691,14691,0
14692,14692,0
14693,14693,0
14696,14696,0
14697,14697,0
14698,14698,0
14699,14699,0
14700,14700,0
14701,14701,2
14702,14702,2
14703,14703,0
14704,14704,2
14705,14705,0
14708,14708,0
14709,14709,0
14710,14710,0
14711,14711,2
14712,14712,0
14713,14713,2
14714,14714,0
14715,14715,0
14716,14716,0
14719,14719,2
14720,14720,0
14722,14722,0
14723,14723,2
14725,14725,0
14727,14727,0
14729,14729,0
14730,14730,2
14731,14731,0
14732,14732,0
14733,14733,2
14735,14735,2
14737,14737,0
14738,14738,0
14739,14739,0
14740,14740,0
14741,14741,0
14744,14744,0
14745,14745,0
14747,14747,0
14748,14748,0
14752,14752,0
14753,14753,0
14754,14754,0
14755,14755,2
14756,14756,0
14757,14757,0
14758,14758,0
14759,14759,0
14760,14760,0
14761,14761,0
14762,14762,0
14764,14764,0
14765,14765,0
14766,14766,0
14768,14768,0
14769,14769,2
14770,14770,0
14772,14772,0
14775,14775,0
14776,14776,0
14777,14777,0
14778,14778,0
14779,14779,0
14780,14780,0
14782,14782,0
14784,14784,0
14785,14785,0
14788,14788,0
14789,14789,0
14790,14790,0
14792,14792,0
14793,14793,0
14794,14794,0
14795,14795,0
14796,14796,2
14798,14798,0
14799,14799,0
14800,14800,2
14801,14801,0
14803,14803,0
14804,14804,0
14805,14805,0
14806,14806,0
14808,14808,2
14810,14810,0
14813,14813,0
14815,14815,0
14816,14816,0
14817,14817,0
14818,14818,0
14819,14819,0
14820,14820,0
14821,14821,0
14823,14823,0
14824,14824,0
14825,14825,0
14828,14828,0
14829,14829,0
14830,14830,0
14834,14834,0
14836,14836,0
14837,14837,0
14840,14840,0
14841,14841,0
14842,14842,2
14844,14844,0
14847,14847,0
14849,14849,2
14850,14850,0
14851,14851,0
14852,14852,0
14853,14853,0
14854,14854,0
14855,14855,0
14856,14856,0
14857,14857,0
14859,14859,0
14860,14860,0
14861,14861,0
14862,14862,0
14863,14863,0
14865,14865,0
14866,14866,2
14867,14867,0
14868,14868,0
14869,14869,0
14870,14870,0
14871,14871,0
14873,14873,0
14875,14875,0
14878,14878,0
14880,14880,0
14881,14881,0
14882,14882,0
14883,14883,0
14885,14885,0
14886,14886,0
14887,14887,0
14888,14888,0
14889,14889,0
14890,14890,0
14891,14891,0
14893,14893,0
14894,14894,0
14895,14895,2
14896,14896,0
14897,14897,0
14898,14898,0
14901,14901,0
14902,14902,0
14903,14903,2
14904,14904,0
14905,14905,0
14907,14907,2
14908,14908,0
14910,14910,0
14911,14911,1
14912,14912,0
14913,14913,0
14915,14915,0
14916,14916,0
14918,14918,0
14920,14920,0
14921,14921,0
14923,14923,0
14924,14924,0
14929,14929,0
14930,14930,0
14931,14931,0
14932,14932,0
14934,14934,0
14935,14935,0
14936,14936,2
14937,14937,0
14944,14944,2
14946,14946,0
14947,14947,0
14948,14948,0
14950,14950,0
14951,14951,0
14952,14952,2
14953,14953,0
14954,14954,0
14957,14957,0
14958,14958,0
14959,14959,0
14960,14960,0
14961,14961,2
14962,14962,0
14963,14963,2
14964,14964,0
14965,14965,0
14966,14966,0
14967,14967,0
14968,14968,0
14970,14970,0
14971,14971,0
14972,14972,0
14973,14973,0
14974,14974,0
14975,14975,0
14976,14976,0
14978,14978,0
14981,14981,0
14984,14984,0
14985,14985,0
14987,14987,0
14988,14988,0
14995,14995,0
14997,14997,0
14998,14998,0
15000,15000,0
15002,15002,0
15004,15004,2
15005,15005,2
15006,15006,0
15007,15007,0
15009,15009,0
15010,15010,0
15012,15012,0
15014,15014,0
15016,15016,0
15017,15017,0
15018,15018,0
15019,15019,0
15021,15021,2
15022,15022,0
15023,15023,2
15024,15024,0
15025,15025,0
15026,15026,0
15027,15027,0
15028,15028,0
15030,15030,0
15031,15031,0
15032,15032,0
15033,15033,2
15034,15034,2
15035,15035,0
15036,15036,0
15038,15038,0
15039,15039,2
15041,15041,0
15042,15042,0
15043,15043,0
15044,15044,2
15045,15045,0
15046,15046,2
15047,15047,0
15048,15048,0
15049,15049,0
15050,15050,0
15051,15051,0
15052,15052,0
15053,15053,0
15054,15054,0
15057,15057,0
15058,15058,2
15059,15059,2
15060,15060,0
15061,15061,2
15062,15062,0
15063,15063,0
15065,15065,2
15066,15066,0
15067,15067,0
15068,15068,0
15069,15069,0
15070,15070,0
15071,15071,0
15073,15073,0
15074,15074,0
15075,15075,0
15076,15076,0
15078,15078,2
15079,15079,0
15081,15081,0
15083,15083,0
15087,15087,0
15088,15088,0
15089,15089,2
15090,15090,0
15091,15091,0
15092,15092,0
15093,15093,0
15095,15095,0
15096,15096,0
15097,15097,0
15098,15098,0
15099,15099,0
15100,15100,0
15101,15101,0
15103,15103,0
15104,15104,0
15105,15105,0
15106,15106,0
15107,15107,0
15108,15108,0
15109,15109,0
15110,15110,0
15111,15111,0
15113,15113,0
15114,15114,2
15115,15115,0
15116,15116,0
15117,15117,0
15118,15118,0
15119,15119,0
15120,15120,0
15121,15121,0
15122,15122,0
15123,15123,0
15124,15124,0
15125,15125,2
15127,15127,0
15128,15128,0
15129,15129,0
15130,15130,0
15132,15132,0
15133,15133,0
15134,15134,0
15135,15135,0
15136,15136,0
15139,15139,0
15140,15140,0
15142,15142,0
15143,15143,0
15144,15144,2
15145,15145,0
15146,15146,0
15147,15147,0
15148,15148,0
15149,15149,0
15150,15150,2
15152,15152,2
15153,15153,0
15154,15154,0
15156,15156,0
15157,15157,0
15158,15158,0
15159,15159,2
15160,15160,0
15163,15163,0
15164,15164,0
15165,15165,0
15167,15167,0
15168,15168,0
15171,15171,0
15172,15172,0
15174,15174,0
15175,15175,0
15178,15178,0
15179,15179,0
15180,15180,0
15181,15181,0
15182,15182,0
15184,15184,0
15185,15185,0
15186,15186,0
15187,15187,2
15189,15189,2
15192,15192,0
15193,15193,0
15194,15194,2
15195,15195,0
15197,15197,0
15198,15198,0
15199,15199,0
15201,15201,0
15203,15203,0
15204,15204,0
15205,15205,0
15206,15206,0
15208,15208,0
15210,15210,0
15211,15211,0
15212,15212,0
15213,15213,0
15214,15214,0
15215,15215,0
15216,15216,0
15218,15218,0
15219,15219,0
15220,15220,0
15221,15221,0
15222,15222,0
15223,15223,0
15224,15224,0
15225,15225,0
15226,15226,0
15227,15227,0
15228,15228,0
15230,15230,0
15232,15232,0
15234,15234,0
15235,15235,2
15236,15236,0
15237,15237,0
15238,15238,0
15239,15239,0
15240,15240,0
15241,15241,0
15243,15243,0
15244,15244,0
15245,15245,0
15246,15246,0
15247,15247,0
15249,15249,2
15251,15251,2
15252,15252,0
15253,15253,0
15254,15254,0
15255,15255,0
15256,15256,0
15257,15257,0
15258,15258,0
15260,15260,0
15261,15261,0
15262,15262,0
15263,15263,0
15264,15264,0
15265,15265,0
15266,15266,0
15267,15267,0
15269,15269,0
15270,15270,0
15271,15271,2
15272,15272,0
15274,15274,0
15275,15275,0
15276,15276,0
15277,15277,0
15279,15279,0
15280,15280,0
15281,15281,2
15286,15286,0
15287,15287,0
15288,15288,0
15289,15289,0
15290,15290,2
15291,15291,2
15292,15292,0
15296,15296,2
15297,15297,0
15298,15298,2
15299,15299,0
15300,15300,0
15301,15301,2
15303,15303,0
15304,15304,0
15306,15306,0
15307,15307,0
15308,15308,0
15311,15311,1
15312,15312,0
15313,15313,0
15314,15314,0
15315,15315,0
15316,15316,0
15318,15318,0
15319,15319,0
15320,15320,0
15321,15321,0
15322,15322,0
15325,15325,0
15326,15326,0
15327,15327,0
15329,15329,0
15330,15330,0
15332,15332,0
15333,15333,0
15334,15334,0
15335,15335,0
15339,15339,0
15341,15341,0
15342,15342,0
15343,15343,0
15344,15344,0
15345,15345,0
15346,15346,0
15347,15347,0
15348,15348,0
15349,15349,0
15350,15350,0
15351,15351,2
15353,15353,0
15355,15355,0
15356,15356,2
15358,15358,2
15360,15360,0
15361,15361,0
15363,15363,0
15364,15364,0
15365,15365,0
15366,15366,0
15367,15367,0
15368,15368,0
15369,15369,0
15370,15370,0
15372,15372,2
15373,15373,0
15374,15374,0
15376,15376,0
15379,15379,2
15380,15380,0
15381,15381,0
15382,15382,2
15384,15384,0
15385,15385,0
15386,15386,0
15388,15388,0
15389,15389,0
15392,15392,0
15393,15393,0
15394,15394,0
15395,15395,0
15396,15396,0
15397,15397,0
15398,15398,0
15399,15399,0
15400,15400,0
15402,15402,0
15405,15405,0
15406,15406,0
15407,15407,0
15408,15408,0
15410,15410,0
15411,15411,0
15412,15412,0
15414,15414,0
15415,15415,0
15416,15416,2
15417,15417,0
15419,15419,0
15421,15421,0
15422,15422,0
15423,15423,0
15424,15424,0
15426,15426,2
15427,15427,2
15428,15428,0
15429,15429,0
15432,15432,0
15433,15433,0
15434,15434,0
15435,15435,0
15436,15436,2
15437,15437,0
15438,15438,0
15440,15440,0
15442,15442,0
15443,15443,2
15444,15444,2
15445,15445,0
15447,15447,0
15448,15448,0
15449,15449,0
15450,15450,0
15452,15452,0
15453,15453,2
15454,15454,0
15456,15456,0
15457,15457,0
15458,15458,0
15460,15460,0
15462,15462,0
15463,15463,0
15464,15464,0
15465,15465,2
15466,15466,0
15467,15467,0
15468,15468,0
15469,15469,0
15471,15471,0
15472,15472,0
15473,15473,0
15475,15475,0
15478,15478,0
15480,15480,0
15482,15482,0
15483,15483,0
15484,15484,2
15485,15485,0
15488,15488,0
15489,15489,0
15491,15491,0
15492,15492,0
15493,15493,2
15494,15494,0
15497,15497,0
15498,15498,2
15500,15500,0
15502,15502,2
15503,15503,0
15504,15504,0
15505,15505,0
15506,15506,0
15507,15507,0
15508,15508,0
15510,15510,0
15511,15511,0
15512,15512,0
15513,15513,2
15514,15514,2
15516,15516,0
15517,15517,0
15518,15518,2
15520,15520,0
15521,15521,2
15522,15522,0
15523,15523,0
15524,15524,0
15525,15525,0
15526,15526,0
15527,15527,2
15528,15528,0
15529,15529,2
15530,15530,0
15531,15531,2
15532,15532,2
15533,15533,0
15535,15535,0
15537,15537,0
15539,15539,0
15540,15540,0
15541,15541,0
15543,15543,0
15544,15544,2
15545,15545,0
15547,15547,2
15549,15549,0
15550,15550,0
15551,15551,0
15552,15552,0
15553,15553,0
15554,15554,0
15555,15555,2
15556,15556,0
15557,15557,0
15561,15561,0
15562,15562,0
15563,15563,0
15565,15565,0
15567,15567,0
15568,15568,0
15569,15569,0
15570,15570,2
15571,15571,0
15572,15572,2
15573,15573,0
15574,15574,0
15576,15576,0
15577,15577,0
15578,15578,0
15579,15579,0
15581,15581,2
15582,15582,0
15584,15584,0
15585,15585,0
15587,15587,0
15589,15589,0
15590,15590,0
15592,15592,0
15593,15593,0
15594,15594,0
15596,15596,0
15597,15597,0
15598,15598,0
15599,15599,0
15601,15601,2
15602,15602,0
15603,15603,0
15604,15604,0
15605,15605,0
15606,15606,0
15607,15607,0
15608,15608,0
15609,15609,0
15610,15610,0
15611,15611,0
15612,15612,0
15615,15615,2
15618,15618,0
15619,15619,0
15620,15620,0
15621,15621,0
15622,15622,2
15623,15623,0
15624,15624,0
15625,15625,0
15626,15626,0
15628,15628,0
15630,15630,0
15632,15632,2
15634,15634,0
15636,15636,0
15637,15637,0
15638,15638,0
15639,15639,0
15640,15640,2
15641,15641,0
15643,15643,0
15644,15644,2
15645,15645,0
15646,15646,0
15648,15648,0
15649,15649,0
15651,15651,0
15652,15652,0
15653,15653,0
15654,15654,0
15655,15655,0
15656,15656,0
15657,15657,0
15658,15658,0
15659,15659,0
15660,15660,0
15661,15661,0
15663,15663,0
15664,15664,0
15665,15665,0
15667,15667,0
15668,15668,0
15669,15669,0
15670,15670,0
15671,15671,0
15673,15673,0
15674,15674,0
15675,15675,0
15676,15676,2
15677,15677,0
15678,15678,0
15679,15679,0
15680,15680,0
15681,15681,0
15683,15683,0
15687,15687,2
15689,15689,0
15690,15690,0
15691,15691,0
15692,15692,0
15694,15694,0
15695,15695,0
15696,15696,2
15699,15699,0
15700,15700,0
15701,15701,2
15703,15703,0
15704,15704,0
15705,15705,0
15706,15706,0
15707,15707,0
15708,15708,2
15709,15709,0
15712,15712,0
15713,15713,0
15714,15714,0
15716,15716,0
15717,15717,0
15719,15719,2
15720,15720,0
15721,15721,0
15722,15722,0
15723,15723,0
15724,15724,0
15725,15725,0
15727,15727,2
15728,15728,0
15729,15729,0
15730,15730,0
15732,15732,0
15733,15733,0
15734,15734,0
15737,15737,0
15738,15738,2
15739,15739,0
15740,15740,0
15743,15743,0
15744,15744,0
15745,15745,0
15746,15746,0
15747,15747,0
15748,15748,0
15749,15749,2
15750,15750,2
15752,15752,2
15753,15753,0
15754,15754,0
15755,15755,2
15756,15756,0
15757,15757,0
15758,15758,0
15759,15759,0
15762,15762,0
15763,15763,0
15764,15764,2
15766,15766,0
15768,15768,0
15769,15769,2
15773,15773,0
15774,15774,0
15775,15775,0
15776,15776,0
15777,15777,0
15780,15780,0
15781,15781,0
15782,15782,0
15783,15783,0
15785,15785,0
15786,15786,2
15787,15787,0
15789,15789,0
15790,15790,0
15791,15791,0
15793,15793,0
15795,15795,0
15796,15796,0
15797,15797,0
15799,15799,0
15800,15800,0
15801,15801,0
15802,15802,0
15803,15803,0
15804,15804,2
15805,15805,2
15806,15806,0
15807,15807,0
15808,15808,2
15809,15809,0
15810,15810,0
15811,15811,0
15812,15812,0
15813,15813,0
15814,15814,0
15815,15815,0
15819,15819,0
15820,15820,0
15821,15821,0
15822,15822,0
15823,15823,0
15825,15825,0
15826,15826,0
15827,15827,2
15829,15829,0
15830,15830,0
15831,15831,0
15832,15832,0
15834,15834,2
15835,15835,0
15836,15836,0
15837,15837,0
15838,15838,2
15839,15839,0
15840,15840,0
15841,15841,0
15843,15843,0
15844,15844,0
15845,15845,0
15847,15847,0
15850,15850,0
15852,15852,0
15853,15853,0
15854,15854,2
15855,15855,0
15856,15856,2
15857,15857,0
15858,15858,2
15860,15860,0
15861,15861,2
15862,15862,0
15863,15863,0
15864,15864,0
15865,15865,0
15866,15866,0
15867,15867,2
15869,15869,0
15870,15870,0
15872,15872,0
15874,15874,2
15877,15877,0
15880,15880,0
15881,15881,0
15882,15882,0
15883,15883,0
15885,15885,0
15886,15886,0
15888,15888,0
15889,15889,0
15891,15891,0
15894,15894,0
15895,15895,0
15897,15897,0
15898,15898,0
15899,15899,0
15900,15900,0
15901,15901,0
15903,15903,0
15904,15904,0
15906,15906,0
15907,15907,2
15909,15909,0
15910,15910,2
15912,15912,0
15916,15916,2
15917,15917,0
15918,15918,0
15919,15919,0
15920,15920,0
15921,15921,0
15922,15922,0
15923,15923,0
15925,15925,0
15930,15930,0
15932,15932,0
15933,15933,0
15935,15935,0
15937,15937,0
15938,15938,0
15939,15939,0
15940,15940,0
15942,15942,0
15944,15944,0
15945,15945,0
15947,15947,0
15948,15948,0
15949,15949,0
15950,15950,0
15951,15951,0
15952,15952,0
15953,15953,0
15955,15955,2
15957,15957,0
15958,15958,0
15963,15963,0
15965,15965,0
15967,15967,0
15969,15969,0
15970,15970,0
15971,15971,0
15973,15973,0
15974,15974,2
15975,15975,0
15976,15976,0
15977,15977,0
15978,15978,0
15980,15980,0
15981,15981,0
15983,15983,0
15984,15984,2
15985,15985,0
15986,15986,0
15987,15987,0
15988,15988,0
15990,15990,0
15992,15992,0
15993,15993,2
15994,15994,0
15996,15996,0
15998,15998,2
16000,16000,0
16003,16003,0
16005,16005,2
16006,16006,0
16007,16007,2
16008,16008,0
16009,16009,0
16010,16010,0
16011,16011,2
16012,16012,0
16013,16013,2
16014,16014,0
16015,16015,0
16016,16016,2
16017,16017,0
16018,16018,0
16019,16019,2
16020,16020,0
16022,16022,0
16023,16023,0
16024,16024,0
16025,16025,0
16026,16026,0
16027,16027,0
16029,16029,2
16030,16030,0
16031,16031,0
16033,16033,2
16034,16034,0
16036,16036,0
16037,16037,0
16038,16038,0
16040,16040,0
16041,16041,0
16042,16042,0
16043,16043,0
16045,16045,0
16048,16048,0
16049,16049,2
16050,16050,0
16052,16052,0
16053,16053,0
16054,16054,0
16055,16055,0
16056,16056,0
16057,16057,0
16059,16059,0
16061,16061,0
16062,16062,0
16063,16063,0
16065,16065,0
16066,16066,0
16070,16070,0
16071,16071,0
16072,16072,0
16073,16073,0
16076,16076,0
16078,16078,0
16079,16079,0
16080,16080,0
16081,16081,2
16083,16083,0
16084,16084,0
16085,16085,0
16086,16086,0
16091,16091,0
16092,16092,0
16093,16093,0
16094,16094,0
16096,16096,0
16097,16097,0
16098,16098,0
16099,16099,0
16101,16101,0
16102,16102,0
16103,16103,0
16104,16104,0
16105,16105,0
16106,16106,0
16107,16107,0
16108,16108,0
16109,16109,0
16110,16110,2
16112,16112,0
16113,16113,0
16114,16114,0
16115,16115,2
16116,16116,0
16117,16117,0
16119,16119,0
16120,16120,0
16121,16121,2
16122,16122,0
16123,16123,0
16124,16124,0
16125,16125,0
16126,16126,0
16127,16127,0
16128,16128,0
16131,16131,0
16133,16133,2
16134,16134,0
16135,16135,0
16136,16136,0
16138,16138,0
16139,16139,0
16140,16140,0
16141,16141,0
16142,16142,0
16143,16143,0
16144,16144,0
16145,16145,2
16146,16146,0
16147,16147,0
16148,16148,0
16149,16149,0
16150,16150,0
16152,16152,0
16153,16153,0
16156,16156,2
16157,16157,0
16159,16159,0
16160,16160,0
16161,16161,2
16162,16162,0
16163,16163,0
16164,16164,0
16168,16168,2
16169,16169,0
16170,16170,0
16171,16171,0
16172,16172,0
16173,16173,0
16174,16174,0
16175,16175,0
16177,16177,0
16178,16178,0
16179,16179,0
16180,16180,2
16181,16181,0
16182,16182,0
16183,16183,0
16184,16184,0
16185,16185,0
16186,16186,2
16187,16187,2
16188,16188,0
16189,16189,0
16190,16190,0
16191,16191,2
16193,16193,0
16198,16198,0
16200,16200,0
16201,16201,0
16202,16202,0
16203,16203,0
16204,16204,0
16205,16205,0
16206,16206,0
16207,16207,0
16208,16208,0
16209,16209,0
16210,16210,2
16211,16211,0
16212,16212,0
16213,16213,0
16214,16214,0
16215,16215,0
16216,16216,0
16217,16217,0
16218,16218,0
16221,16221,0
16222,16222,0
16224,16224,0
16225,16225,0
16226,16226,0
16227,16227,0
16229,16229,0
16230,16230,0
16232,16232,0
16233,16233,0
16235,16235,0
16236,16236,0
16239,16239,0
16240,16240,0
16241,16241,2
16242,16242,2
16243,16243,0
16244,16244,0
16245,16245,0
16247,16247,0
16248,16248,0
16249,16249,0
16250,16250,0
16252,16252,0
16253,16253,2
16255,16255,2
16256,16256,0
16257,16257,0
16258,16258,2
16260,16260,0
16261,16261,0
16262,16262,0
16265,16265,2
16266,16266,0
16268,16268,0
16270,16270,0
16271,16271,0
16272,16272,0
16274,16274,0
16275,16275,0
16276,16276,0
16278,16278,0
16279,16279,0
16281,16281,0
16282,16282,0
16283,16283,0
16284,16284,0
16287,16287,0
16292,16292,0
16293,16293,0
16295,16295,0
16297,16297,0
16298,16298,0
16302,16302,0
16303,16303,2
16305,16305,0
16306,16306,0
16308,16308,0
16309,16309,0
16311,16311,0
16313,16313,0
16315,16315,0
16316,16316,2
16317,16317,0
16318,16318,0
16319,16319,0
16320,16320,0
16321,16321,0
16322,16322,0
16323,16323,0
16324,16324,0
16325,16325,0
16326,16326,2
16327,16327,2
16330,16330,0
16332,16332,0
16333,16333,2
16337,16337,0
16338,16338,0
16339,16339,0
16340,16340,0
16341,16341,0
16342,16342,0
16343,16343,0
16344,16344,0
16345,16345,0
16347,16347,0
16348,16348,2
16349,16349,0
16350,16350,0
16351,16351,0
16352,16352,0
16353,16353,2
16354,16354,0
16356,16356,0
16357,16357,0
16358,16358,0
16359,16359,0
16360,16360,2
16361,16361,0
16362,16362,0
16363,16363,0
16364,16364,0
16365,16365,0
16366,16366,0
16367,16367,0
16368,16368,0
16369,16369,0
16370,16370,0
16372,16372,0
16374,16374,0
16376,16376,0
16377,16377,0
16378,16378,0
16379,16379,0
16380,16380,0
16383,16383,0
16384,16384,0
16385,16385,0
16386,16386,0
16387,16387,0
16389,16389,0
16392,16392,0
16393,16393,2
16394,16394,0
16395,16395,2
16398,16398,0
16399,16399,0
16400,16400,0
16401,16401,2
16402,16402,0
16403,16403,0
16404,16404,0
16405,16405,0
16406,16406,0
16407,16407,0
16409,16409,2
16411,16411,0
16412,16412,0
16413,16413,0
16414,16414,0
16415,16415,0
16416,16416,0
16418,16418,0
16419,16419,0
16422,16422,2
16423,16423,0
16424,16424,0
16425,16425,0
16426,16426,2
16427,16427,0
16428,16428,0
16429,16429,0
16430,16430,0
16431,16431,0
16432,16432,0
16433,16433,0
16434,16434,0
16438,16438,0
16440,16440,2
16441,16441,0
16442,16442,0
16444,16444,0
16445,16445,0
16446,16446,0
16447,16447,0
16448,16448,0
16449,16449,0
16450,16450,0
16451,16451,0
16454,16454,0
16455,16455,0
16456,16456,0
16457,16457,0
16458,16458,0
16460,16460,0
16461,16461,0
16462,16462,0
16463,16463,0
16464,16464,0
16466,16466,0
16468,16468,0
16469,16469,0
16470,16470,0
16471,16471,0
16473,16473,0
16474,16474,2
16475,16475,0
16477,16477,0
16478,16478,0
16479,16479,0
16480,16480,0
16482,16482,0
16483,16483,0
16484,16484,0
16485,16485,0
16488,16488,0
16491,16491,0
16493,16493,0
16494,16494,0
16495,16495,0
16496,16496,0
16497,16497,0
16498,16498,0
16499,16499,0
16500,16500,0
16503,16503,0
16504,16504,0
16505,16505,0
16506,16506,0
16509,16509,0
16510,16510,0
16511,16511,0
16513,16513,0
16515,16515,0
16516,16516,0
16517,16517,0
16518,16518,0
16519,16519,0
16520,16520,0
16523,16523,2
16525,16525,2
16526,16526,0
16527,16527,0
16528,16528,0
16529,16529,0
16531,16531,0
16532,16532,0
16533,16533,0
16535,16535,0
16536,16536,0
16539,16539,0
16542,16542,0
16545,16545,0
16546,16546,0
16549,16549,2
16550,16550,2
16551,16551,0
16552,16552,0
16553,16553,2
16554,16554,0
16555,16555,0
16556,16556,2
16557,16557,0
16558,16558,2
16560,16560,0
16561,16561,0
16563,16563,0
16565,16565,0
16566,16566,0
16567,16567,0
16569,16569,0
16570,16570,0
16571,16571,0
16572,16572,0
16573,16573,0
16574,16574,0
16579,16579,0
16581,16581,0
16582,16582,0
16583,16583,0
16584,16584,0
16586,16586,0
16587,16587,0
16589,16589,0
16591,16591,0
16592,16592,2
16593,16593,0
16594,16594,0
16595,16595,0
16596,16596,0
16597,16597,0
16598,16598,0
16600,16600,0
16601,16601,0
16602,16602,0
16603,16603,0
16607,16607,2
16609,16609,2
16610,16610,0
16611,16611,0
16612,16612,0
16613,16613,0
16614,16614,0
16616,16616,0
16617,16617,0
16618,16618,0
16619,16619,0
16620,16620,0
16621,16621,0
16623,16623,0
16624,16624,0
16625,16625,0
16626,16626,2
16627,16627,0
16628,16628,0
16629,16629,0
16633,16633,0
16634,16634,0
16637,16637,0
16638,16638,0
16639,16639,0
16641,16641,0
16642,16642,0
16643,16643,0
16644,16644,0
16647,16647,0
16648,16648,0
16650,16650,0
16652,16652,0
16653,16653,0
16654,16654,0
16655,16655,2
16656,16656,2
16657,16657,2
16658,16658,0
16659,16659,0
16660,16660,0
16665,16665,0
16666,16666,0
16667,16667,0
16668,16668,0
16669,16669,0
16670,16670,2
16671,16671,0
16672,16672,2
16674,16674,0
16676,16676,0
16678,16678,2
16679,16679,0
16680,16680,0
16681,16681,0
16682,16682,0
16684,16684,2
16685,16685,0
16686,16686,2
16688,16688,0
16689,16689,0
16690,16690,0
16692,16692,0
16693,16693,0
16696,16696,0
16697,16697,0
16698,16698,0
16700,16700,2
16701,16701,2
16705,16705,2
16706,16706,0
16708,16708,0
16709,16709,0
16710,16710,2
16711,16711,0
16712,16712,2
16713,16713,2
16714,16714,0
16715,16715,0
16716,16716,0
16717,16717,2
16718,16718,0
16719,16719,0
16720,16720,0
16721,16721,0
16722,16722,2
16723,16723,0
16725,16725,0
16726,16726,0
16727,16727,0
16728,16728,2
16729,16729,2
16730,16730,0
16732,16732,0
16734,16734,0
16735,16735,0
16737,16737,0
16738,16738,0
16739,16739,0
16742,16742,0
16743,16743,0
16744,16744,2
16745,16745,2
16746,16746,2
16747,16747,0
16748,16748,0
16750,16750,0
16751,16751,0
16752,16752,0
16753,16753,0
16754,16754,2
16755,16755,0
16756,16756,0
16757,16757,0
16758,16758,0
16759,16759,0
16761,16761,0
16762,16762,0
16763,16763,0
16764,16764,2
16765,16765,0
16766,16766,0
16767,16767,2
16768,16768,0
16769,16769,0
16770,16770,0
16771,16771,2
16773,16773,0
16774,16774,0
16775,16775,0
16776,16776,0
16777,16777,0
16778,16778,0
16779,16779,2
16780,16780,0
16781,16781,0
16782,16782,2
16784,16784,0
16788,16788,0
16789,16789,0
16790,16790,0
16791,16791,2
16792,16792,0
16793,16793,0
16794,16794,2
16795,16795,0
16796,16796,0
16800,16800,0
16801,16801,0
16803,16803,0
16804,16804,0
16805,16805,0
16806,16806,0
16807,16807,0
16808,16808,0
16809,16809,0
16810,16810,0
16811,16811,0
16812,16812,0
16813,16813,2
16814,16814,2
16816,16816,0
16817,16817,0
16818,16818,2
16820,16820,0
16823,16823,0
16824,16824,0
16825,16825,0
16826,16826,0
16828,16828,0
16829,16829,0
16830,16830,0
16832,16832,0
16833,16833,0
16834,16834,0
16835,16835,0
16836,16836,0
16837,16837,2
16838,16838,0
16839,16839,2
16841,16841,0
16842,16842,0
16843,16843,2
16846,16846,0
16847,16847,0
16848,16848,0
16849,16849,0
16850,16850,0
16851,16851,0
16852,16852,0
16855,16855,0
16856,16856,0
16858,16858,0
16859,16859,0
16861,16861,0
16863,16863,0
16866,16866,0
16869,16869,0
16871,16871,2
16872,16872,0
16873,16873,2
16875,16875,0
16877,16877,0
16878,16878,0
16880,16880,0
16881,16881,0
16882,16882,0
16883,16883,0
16884,16884,0
16885,16885,0
16887,16887,0
16889,16889,0
16891,16891,2
16892,16892,0
16893,16893,0
16895,16895,0
16897,16897,0
16898,16898,0
16899,16899,0
16900,16900,0
16902,16902,0
16903,16903,0
16904,16904,2
16905,16905,0
16906,16906,0
16907,16907,0
16909,16909,0
16910,16910,2
16912,16912,2
16913,16913,0
16914,16914,0
16915,16915,0
16916,16916,0
16917,16917,0
16918,16918,0
16919,16919,2
16921,16921,0
16923,16923,2
16924,16924,0
16926,16926,0
16927,16927,0
16928,16928,2
16929,16929,0
16930,16930,0
16931,16931,2
16932,16932,0
16933,16933,0
16934,16934,0
16936,16936,0
16938,16938,2
16940,16940,2
16942,16942,2
16943,16943,0
16945,16945,2
16947,16947,0
16948,16948,0
16949,16949,0
16950,16950,0
16951,16951,0
16952,16952,0
16953,16953,0
16954,16954,0
16955,16955,0
16956,16956,0
16957,16957,0
16959,16959,0
16960,16960,0
16961,16961,0
16963,16963,0
16965,16965,0
16966,16966,0
16967,16967,0
16968,16968,0
16969,16969,0
16971,16971,0
16976,16976,0
16978,16978,0
16979,16979,0
16980,16980,0
16982,16982,0
16983,16983,0
16984,16984,2
16985,16985,0
16986,16986,0
16987,16987,0
16988,16988,0
16989,16989,0
16990,16990,0
16992,16992,0
16995,16995,0
16996,16996,0
16997,16997,0
16998,16998,0
16999,16999,0
17001,17001,0
17002,17002,0
17004,17004,0
17006,17006,0
17007,17007,0
17010,17010,0
17011,17011,0
17014,17014,0
17015,17015,2
17017,17017,2
17018,17018,0
17019,17019,2
17022,17022,0
17024,17024,0
17025,17025,0
17026,17026,0
17027,17027,0
17029,17029,0
17030,17030,0
17031,17031,0
17033,17033,0
17034,17034,0
17035,17035,0
17037,17037,0
17038,17038,0
17040,17040,0
17041,17041,0
17042,17042,0
17043,17043,0
17044,17044,0
17045,17045,0
17046,17046,0
17047,17047,0
17048,17048,0
17049,17049,2
17050,17050,2
17051,17051,0
17052,17052,0
17053,17053,0
17054,17054,0
17058,17058,0
17059,17059,2
17060,17060,0
17061,17061,0
17062,17062,0
17063,17063,0
17064,17064,0
17065,17065,0
17068,17068,2
17069,17069,2
17070,17070,0
17071,17071,2
17073,17073,0
17075,17075,0
17076,17076,0
17078,17078,0
17079,17079,0
17080,17080,0
17081,17081,0
17082,17082,0
17083,17083,0
17084,17084,2
17085,17085,0
17086,17086,0
17088,17088,0
17090,17090,0
17091,17091,2
17092,17092,0
17094,17094,0
17095,17095,0
17096,17096,0
17097,17097,2
17100,17100,0
17101,17101,0
17102,17102,0
17105,17105,0
17107,17107,2
17109,17109,0
17110,17110,0
17111,17111,0
17114,17114,0
17115,17115,0
17117,17117,0
17118,17118,0
17119,17119,0
17120,17120,0
17122,17122,0
17123,17123,0
17124,17124,0
17125,17125,0
17126,17126,2
17128,17128,0
17131,17131,0
17133,17133,0
17134,17134,0
17135,17135,0
17138,17138,0
17139,17139,2
17140,17140,0
17142,17142,0
17144,17144,0
17146,17146,0
17147,17147,0
17148,17148,0
17152,17152,0
17153,17153,0
17154,17154,0
17155,17155,0
17157,17157,0
17158,17158,0
17159,17159,0
17160,17160,0
17162,17162,0
17163,17163,0
17164,17164,0
17165,17165,0
17166,17166,0
17169,17169,0
17171,17171,0
17172,17172,0
17173,17173,0
17174,17174,0
17175,17175,0
17176,17176,0
17179,17179,0
17180,17180,0
17181,17181,0
17183,17183,0
17186,17186,0
17187,17187,0
17188,17188,0
17189,17189,0
17190,17190,0
17191,17191,2
17193,17193,0
17194,17194,0
17197,17197,0
17198,17198,0
17201,17201,0
17203,17203,2
17204,17204,0
17205,17205,0
17206,17206,0
17211,17211,2
17212,17212,0
17213,17213,0
17214,17214,0
17217,17217,0
17218,17218,2
17219,17219,0
17220,17220,2
17221,17221,0
17222,17222,0
17223,17223,0
17226,17226,0
17227,17227,0
17228,17228,2
17229,17229,0
17230,17230,0
17231,17231,2
17232,17232,0
17233,17233,0
17234,17234,0
17235,17235,0
17236,17236,0
17237,17237,0
17238,17238,2
17239,17239,0
17242,17242,0
17243,17243,2
17244,17244,0
17245,17245,0
17247,17247,0
17248,17248,0
17250,17250,0
17251,17251,0
17252,17252,0
17253,17253,0
17254,17254,0
17255,17255,0
17256,17256,0
17259,17259,0
17262,17262,0
17263,17263,0
17265,17265,0
17266,17266,0
17267,17267,0
17268,17268,0
17272,17272,0
17274,17274,0
17277,17277,0
17278,17278,0
17279,17279,0
17282,17282,0
17284,17284,2
17286,17286,0
17287,17287,0
17288,17288,0
17289,17289,0
17290,17290,0
17291,17291,0
17293,17293,0
17295,17295,0
17297,17297,0
17298,17298,0
17299,17299,0
17301,17301,0
17302,17302,0
17303,17303,0
17306,17306,2
17307,17307,0
17309,17309,0
17311,17311,0
17312,17312,0
17313,17313,0
17314,17314,2
17315,17315,2
17317,17317,0
17320,17320,0
17321,17321,0
17323,17323,0
17324,17324,0
17325,17325,0
17329,17329,0
17330,17330,0
17331,17331,0
17333,17333,0
17334,17334,0
17337,17337,2
17338,17338,2
17339,17339,0
17340,17340,2
17341,17341,0
17343,17343,0
17344,17344,0
17345,17345,0
17346,17346,2
17347,17347,0
17348,17348,2
17349,17349,0
17350,17350,0
17351,17351,0
17353,17353,0
17354,17354,0
17356,17356,0
17357,17357,0
17358,17358,0
17359,17359,0
17360,17360,0
17361,17361,0
17362,17362,0
17364,17364,2
17365,17365,2
17367,17367,0
17368,17368,0
17370,17370,0
17371,17371,0
17372,17372,2
17373,17373,0
17374,17374,0
17375,17375,0
17376,17376,0
17377,17377,2
17379,17379,0
17381,17381,2
17382,17382,0
17383,17383,0
17384,17384,0
17385,17385,0
17386,17386,0
17387,17387,0
17388,17388,0
17389,17389,2
17391,17391,0
17392,17392,0
17394,17394,0
17396,17396,0
17397,17397,0
17398,17398,0
17400,17400,2
17402,17402,0
17403,17403,0
17404,17404,2
17405,17405,0
17406,17406,0
17408,17408,0
17409,17409,0
17410,17410,0
17411,17411,0
17412,17412,0
17414,17414,0
17415,17415,0
17416,17416,2
17418,17418,0
17419,17419,2
17420,17420,0
17422,17422,0
17423,17423,0
17425,17425,0
17426,17426,2
17427,17427,0
17428,17428,2
17429,17429,0
17430,17430,0
17431,17431,0
17432,17432,0
17433,17433,0
17434,17434,0
17436,17436,0
17438,17438,0
17440,17440,0
17442,17442,0
17443,17443,0
17444,17444,2
17446,17446,0
17447,17447,0
17448,17448,0
17449,17449,2
17450,17450,1
17451,17451,0
17453,17453,0
17454,17454,0
17455,17455,0
17456,17456,0
17457,17457,0
17458,17458,0
17459,17459,0
17460,17460,0
17461,17461,0
17462,17462,0
17463,17463,2
17464,17464,0
17466,17466,0
17468,17468,0
17469,17469,0
17470,17470,0
17472,17472,0
17475,17475,0
17480,17480,0
17481,17481,0
17483,17483,0
17486,17486,0
17489,17489,0
17490,17490,0
17491,17491,0
17492,17492,0
17495,17495,0
17496,17496,0
17498,17498,0
17499,17499,0
17500,17500,0
17501,17501,0
17502,17502,0
17503,17503,0
17504,17504,2
17505,17505,0
17506,17506,0
17507,17507,0
17508,17508,0
17509,17509,0
17510,17510,0
17511,17511,1
17512,17512,0
17513,17513,0
17514,17514,0
17515,17515,0
17516,17516,0
17517,17517,0
17519,17519,0
17520,17520,0
17521,17521,0
17522,17522,0
17523,17523,0
17524,17524,0
17525,17525,0
17526,17526,0
17527,17527,0
17528,17528,2
17530,17530,2
17531,17531,0
17534,17534,0
17535,17535,0
17536,17536,0
17537,17537,0
17538,17538,0
17540,17540,0
17542,17542,0
17545,17545,0
17547,17547,0
17548,17548,0
17549,17549,0
17550,17550,0
17551,17551,0
17552,17552,0
17553,17553,0
17554,17554,0
17555,17555,0
17556,17556,0
17557,17557,0
17560,17560,0
17561,17561,0
17562,17562,0
17564,17564,0
17566,17566,0
17567,17567,2
17569,17569,0
17571,17571,2
17572,17572,0
17573,17573,0
17574,17574,0
17576,17576,2
17578,17578,0
17579,17579,0
17580,17580,0
17581,17581,2
17582,17582,0
17584,17584,0
17585,17585,2
17588,17588,0
17589,17589,2
17590,17590,2
17591,17591,0
17593,17593,2
17594,17594,0
17595,17595,0
17596,17596,2
17597,17597,0
17600,17600,0
17601,17601,0
17602,17602,2
17603,17603,0
17604,17604,0
17608,17608,0
17609,17609,2
17611,17611,2
17612,17612,2
17613,17613,2
17614,17614,0
17615,17615,0
17616,17616,0
17618,17618,0
17619,17619,0
17620,17620,0
17621,17621,0
17623,17623,0
17624,17624,0
17625,17625,2
17628,17628,0
17629,17629,0
17630,17630,0
17631,17631,0
17633,17633,0
17634,17634,2
17636,17636,0
17637,17637,0
17639,17639,0
17640,17640,0
17642,17642,0
17643,17643,0
17644,17644,2
17646,17646,0
17647,17647,0
17648,17648,0
17649,17649,0
17650,17650,0
17651,17651,2
17652,17652,2
17653,17653,0
17654,17654,0
17655,17655,0
17656,17656,0
17658,17658,0
17659,17659,2
17660,17660,0
17663,17663,0
17664,17664,0
17666,17666,0
17667,17667,0
17668,17668,0
17669,17669,0
17670,17670,0
17671,17671,0
17672,17672,0
17673,17673,0
17674,17674,0
17675,17675,2
17676,17676,0
17677,17677,2
17678,17678,0
17679,17679,0
17680,17680,0
17682,17682,0
17684,17684,0
17685,17685,0
17686,17686,2
17690,17690,2
17691,17691,0
17692,17692,0
17693,17693,0
17694,17694,0
17695,17695,0
17696,17696,0
17697,17697,0
17698,17698,0
17700,17700,0
17701,17701,0
17702,17702,0
17703,17703,0
17704,17704,0
17705,17705,0
17706,17706,2
17707,17707,0
17708,17708,0
17709,17709,0
17711,17711,0
17712,17712,0
17714,17714,0
17715,17715,0
17716,17716,2
17718,17718,0
17719,17719,2
17720,17720,0
17722,17722,0
17723,17723,0
17724,17724,0
17725,17725,2
17727,17727,0
17728,17728,2
17730,17730,2
17731,17731,0
17732,17732,0
17733,17733,0
17734,17734,0
17735,17735,2
17736,17736,0
17737,17737,0
17738,17738,0
17739,17739,0
17742,17742,0
17744,17744,0
17746,17746,0
17747,17747,0
17749,17749,0
17750,17750,0
17752,17752,0
17754,17754,0
17757,17757,2
17758,17758,2
17759,17759,0
17760,17760,0
17761,17761,0
17763,17763,0
17764,17764,0
17765,17765,0
17767,17767,0
17768,17768,0
17769,17769,2
17770,17770,0
17771,17771,0
17772,17772,0
17774,17774,0
17775,17775,0
17777,17777,0
17779,17779,0
17781,17781,0
17783,17783,0
17785,17785,0
17786,17786,0
17787,17787,0
17788,17788,0
17789,17789,0
17790,17790,2
17791,17791,0
17793,17793,0
17795,17795,0
17796,17796,0
17797,17797,0
17799,17799,2
17800,17800,0
17802,17802,0
17805,17805,0
17806,17806,0
17809,17809,0
17811,17811,2
17812,17812,0
17813,17813,2
17816,17816,0
17817,17817,0
17819,17819,0
17820,17820,0
17824,17824,0
17827,17827,2
17828,17828,0
17829,17829,0
17830,17830,0
17831,17831,0
17832,17832,0
17835,17835,0
17836,17836,0
17837,17837,0
17838,17838,0
17839,17839,0
17841,17841,1
17843,17843,0
17844,17844,0
17846,17846,0
17848,17848,0
17849,17849,0
17850,17850,2
17852,17852,0
17854,17854,0
17855,17855,0
17856,17856,0
17857,17857,2
17858,17858,2
17859,17859,0
17860,17860,0
17861,17861,2
17862,17862,0
17863,17863,0
17864,17864,0
17865,17865,2
17866,17866,0
17867,17867,0
17869,17869,0
17870,17870,2
17871,17871,0
17873,17873,0
17874,17874,0
17877,17877,0
17878,17878,0
17879,17879,0
17880,17880,0
17881,17881,0
17883,17883,0
17884,17884,0
17885,17885,0
17886,17886,0
17887,17887,0
17888,17888,0
17889,17889,0
17890,17890,0
17891,17891,0
17892,17892,0
17893,17893,0
17894,17894,0
17895,17895,0
17896,17896,0
17897,17897,0
17898,17898,0
17899,17899,0
17900,17900,0
17901,17901,0
17904,17904,0
17905,17905,0
17906,17906,0
17908,17908,0
17911,17911,0
17912,17912,0
17913,17913,0
17914,17914,0
17917,17917,0
17919,17919,0
17920,17920,2
17921,17921,0
17923,17923,0
17924,17924,0
17925,17925,0
17926,17926,0
17928,17928,0
17929,17929,0
17930,17930,0
17931,17931,0
17932,17932,0
17934,17934,0
17935,17935,0
17936,17936,0
17937,17937,0
17939,17939,0
17940,17940,0
17941,17941,0
17942,17942,0
17946,17946,0
17947,17947,0
17948,17948,0
17949,17949,2
17950,17950,0
17951,17951,0
17954,17954,2
17955,17955,0
17956,17956,0
17957,17957,0
17958,17958,0
17960,17960,0
17961,17961,2
17962,17962,0
17964,17964,0
17965,17965,2
17966,17966,0
17967,17967,0
17968,17968,0
17969,17969,0
17970,17970,0
17972,17972,0
17973,17973,0
17974,17974,0
17975,17975,2
17976,17976,0
17977,17977,0
17978,17978,0
17979,17979,0
17980,17980,0
17984,17984,0
17985,17985,0
17986,17986,0
17987,17987,0
17988,17988,0
17990,17990,0
17991,17991,0
17994,17994,0
17995,17995,0
17997,17997,2
17999,17999,0
18001,18001,0
18004,18004,0
18005,18005,0
18006,18006,0
18008,18008,0
18009,18009,0
18010,18010,0
18011,18011,0
18013,18013,0
18014,18014,0
18015,18015,0
18016,18016,0
18017,18017,0
18018,18018,0
18019,18019,0
18022,18022,0
18024,18024,0
18027,18027,0
18030,18030,0
18032,18032,0
18033,18033,0
18034,18034,0
18035,18035,0
18036,18036,0
18037,18037,0
18040,18040,0
18041,18041,2
18042,18042,0
18043,18043,0
18044,18044,0
18045,18045,0
18048,18048,0
18050,18050,0
18053,18053,0
18055,18055,2
18056,18056,0
18058,18058,0
18059,18059,0
18061,18061,0
18062,18062,0
18064,18064,0
18065,18065,2
18066,18066,0
18067,18067,0
18068,18068,0
18069,18069,2
18071,18071,0
18072,18072,0
18073,18073,0
18074,18074,0
18075,18075,2
18077,18077,0
18078,18078,0
18079,18079,2
18080,18080,0
18081,18081,0
18082,18082,0
18084,18084,0
18085,18085,0
18086,18086,0
18087,18087,0
18088,18088,0
18092,18092,0
18093,18093,0
18094,18094,0
18095,18095,0
18096,18096,0
18097,18097,0
18099,18099,0
18101,18101,0
18102,18102,1
18104,18104,0
18105,18105,0
18106,18106,0
18108,18108,0
18109,18109,2
18110,18110,0
18112,18112,0
18113,18113,0
18114,18114,0
18116,18116,2
18117,18117,0
18118,18118,2
18119,18119,0
18120,18120,0
18121,18121,0
18122,18122,2
18123,18123,0
18125,18125,2
18126,18126,0
18127,18127,0
18129,18129,0
18130,18130,0
18133,18133,0
18135,18135,0
18136,18136,0
18138,18138,0
18139,18139,0
18141,18141,0
18142,18142,0
18143,18143,0
18144,18144,0
18145,18145,2
18146,18146,0
18147,18147,0
18149,18149,0
18150,18150,0
18151,18151,0
18154,18154,0
18155,18155,0
18156,18156,0
18158,18158,0
18159,18159,0
18160,18160,0
18161,18161,0
18164,18164,0
18165,18165,0
18167,18167,0
18168,18168,0
18169,18169,0
18170,18170,0
18171,18171,0
18172,18172,2
18173,18173,0
18174,18174,0
18176,18176,0
18177,18177,0
18178,18178,0
18179,18179,0
18180,18180,0
18181,18181,0
18183,18183,0
18184,18184,0
18185,18185,0
18188,18188,0
18189,18189,0
18190,18190,0
18191,18191,0
18192,18192,0
18193,18193,0
18194,18194,0
18196,18196,0
18198,18198,2
18200,18200,0
18202,18202,0
18203,18203,0
18204,18204,2
18205,18205,0
18209,18209,0
18210,18210,0
18211,18211,0
18212,18212,0
18213,18213,0
18215,18215,0
18216,18216,0
18217,18217,0
18218,18218,0
18219,18219,0
18220,18220,0
18221,18221,0
18222,18222,0
18223,18223,2
18224,18224,0
18225,18225,2
18226,18226,2
18227,18227,0
18228,18228,0
18229,18229,2
18230,18230,0
18231,18231,0
18232,18232,0
18233,18233,0
18235,18235,0
18236,18236,0
18237,18237,0
18239,18239,0
18240,18240,0
18241,18241,0
18242,18242,0
18245,18245,2
18246,18246,0
18248,18248,0
18249,18249,0
18250,18250,0
18251,18251,3
18252,18252,0
18255,18255,0
18256,18256,0
18257,18257,0
18259,18259,0
18260,18260,0
18261,18261,0
18262,18262,0
18263,18263,0
18265,18265,0
18268,18268,0
18269,18269,0
18270,18270,0
18272,18272,0
18273,18273,0
18274,18274,0
18276,18276,0
18277,18277,0
18278,18278,0
18280,18280,0
18281,18281,0
18282,18282,0
18283,18283,2
18287,18287,0
